country;region
Afghanistan;Afghanistan
Albania;Albania
Algeria;Algeria
Andorra;Andorra
Angola;Angola
Argentina;Argentina
Armenia;Armenia
Australia;Australia
Austria;Austria
Azerbaijan;Azerbaijan
Bahamas;Bahamas
Bahrain;Bahrain
Bangladesh;Bangladesh
Barbados;Barbados
Belarus;Belarus
Belgium;Belgium
Belize;Belize
Benin;Benin
Bhutan;Bhutan
Bolivia;Bolivia
Bosnia and Herzegovina;Bosnia and Herzegovina
Botswana;Botswana
Brazil;Brazil
Brunei;Brunei
Bulgaria;Bulgaria
Burkina Faso;Burkina Faso
Burundi;Burundi
Cambodia;Cambodia
Cameroon;Cameroon
Canada;Canada
Cape Verde;Cape Verde
Central African Republic;Central African Republic
Chad;Chad
Chile;Chile
China;China
Colombia;Colombia
Comoros;Comoros
Costa Rica;Costa Rica
Croatia;Croatia
Cuba;Cuba
Cyprus;Cyprus
Denmark;Denmark
Djibouti;Djibouti
Dominica;Dominica
Dominican Republic;Dominican Republic
Ecuador;Ecuador
Egypt;Egypt
El Salvador;El Salvador
Equatorial Guinea;Equatorial Guinea
Eritrea;Eritrea
Estonia;Estonia
Ethiopia;Ethiopia
Fiji;Fiji
Finland;Finland
France;France
Gabon;Gabon
Gambia;Gambia
Georgia;Georgia
Germany;Germany
Ghana;Ghana
Greece;Greece
Grenada;Grenada
Guatemala;Guatemala
Guinea;Guinea
Guinea-Bissau;Guinea-Bissau
Guyana;Guyana
Haiti;Haiti
Honduras;Honduras
Hungary;Hungary
Iceland;Iceland
India;India
Indonesia;Indonesia
Iran;Iran
Iraq;Iraq
Ireland;Ireland
Israel;Israel
Italy;Italy
Jamaica;Jamaica
Japan;Japan
Jordan;Jordan
Kazakhstan;Kazakhstan
Kenya;Kenya
Kosovo;Kosovo
Kuwait;Kuwait
Kyrgyzstan;Kyrgyzstan
Laos;Laos
Latvia;Latvia
Lebanon;Lebanon
Lesotho;Lesotho
Liberia;Liberia
Libya;Libya
Liechtenstein;Liechtenstein
Lithuania;Lithuania
Luxembourg;Luxembourg
Madagascar;Madagascar
Malawi;Malawi
Malaysia;Malaysia
Maldives;Maldives
Mali;Mali
Malta;Malta
Marshall Islands;Marshall Islands
Mauritania;Mauritania
Mauritius;Mauritius
Mexico;Mexico
Moldova;Moldova
Monaco;Monaco
Mongolia;Mongolia
Montenegro;Montenegro
Morocco;Morocco
Mozambique;Mozambique
Myanmar;Myanmar
Namibia;Namibia
Nepal;Nepal
Netherlands;Netherlands
New Zealand;New Zealand
Nicaragua;Nicaragua
Niger;Niger
Nigeria;Nigeria
Norway;Norway
Oman;Oman
Pakistan;Pakistan
Palestine;Palestine
Panama;Panama
Papua New Guinea;Papua New Guinea
Paraguay;Paraguay
Peru;Peru
Philippines;Philippines
Poland;Poland
Portugal;Portugal
Qatar;Qatar
Romania;Romania
Russia;Russia
Rwanda;Rwanda
Saint Lucia;Saint Lucia
Samoa;Samoa
San Marino;San Marino
Sao Tome and Principe;Sao Tome and Principe
Saudi Arabia;Saudi Arabia
Senegal;Senegal
Serbia;Serbia
Seychelles;Seychelles
Sierra Leone;Sierra Leone
Singapore;Singapore
Slovakia;Slovakia
Slovenia;Slovenia
Solomon Islands;Solomon Islands
Somalia;Somalia
South Africa;South Africa
South Korea;South Korea
South Sudan;South Sudan
Spain;Spain
Sri Lanka;Sri Lanka
Sudan;Sudan
Suriname;Suriname
Sweden;Sweden
Switzerland;Switzerland
Syria;Syria
Taiwan;Taiwan
Tajikistan;Tajikistan
Tanzania;Tanzania
Thailand;Thailand
Togo;Togo
Tunisia;Tunisia
Turkey;Turkey
Uganda;Uganda
Ukraine;Ukraine
United Arab Emirates;United Arab Emirates
Uruguay;Uruguay
Uzbekistan;Uzbekistan
Vanuatu;Vanuatu
Vatican;Vatican
Venezuela;Venezuela
Vietnam;Vietnam
Yemen;Yemen
Zambia;Zambia
Zimbabwe;Zimbabwe
Antigua and Barbuda;Antigua
Congo;Republic of Congo
Cote d'Ivoire;Ivory Coast
Czechia;Czech Republic
Democratic Republic of Congo;Democratic Republic of the Congo
North Macedonia;Macedonia
Saint Kitts and Nevis;Saint Kitts
Saint Vincent and the Grenadines;Saint Vincent
Timor;Timor-Leste
Trinidad and Tobago;Trinidad
United Kingdom;UK
United States;USA
